	A	B	C	D	E	F	G	H	I	J
Main Ways to Earn Points
Every Roll (Side triggers)	Starter / Level 1	Level 2	Level 3	Level 3's earned from a Boss		Various: Sides that give Points
	10	20	30	100
Killing Baddie from Pool	Ch 1	Ch 2
	100	300
Killing Big Baddie from Pool	Ch 1	Ch 2
	500	800
Killing Boss	Ch 1	Ch 2
	1,000	~2,000
High Damage Bonus - Doing x damage in a single turn	20	40	70	100	200	300	500	1000
Earned when damage goals are hit	100	200	300	500	700	1000	1200	1500
Cumulative	100	300	600	1100	1800	2800	4000	5500
Low Health Bonus - Score when you win with:	1 hp	2 - 5hp	6-14hp	15-25hp	25hp-50%hp	50%-80%hp	>80%
Before any end-of-battle rehealths	7500*chapter	5000*chapter	3000*chapter	1000*chapter	800*chapter	500*chapter	300*chapter
Speed Bonus - End Battle on Turn #	1	2	3	4	5	6	7	8	9+
	1500*chapter	1000*chapter	800*chapter	600*chapter	400*chapter	300*chapter	200*chapter	100*chapter	no bonus
Campfires	Get Points
Only if player chooses this option	7,000
Trinkets + Food	Scoring - Boss	Joker Card - Rare		Ascendacandy - Rare	Brotein Bar MAX
Effect	If you win within 3 turns, score 7,777 points	Plus 1x Points multiplier on odd turns		Plus 2x Points multiplier	Gain 500 Points, Gain 30 Gold, Gain 8 hp, Attack all 20, Gain 2 Strength
	Bonus Points if you win fast	Essentially 1.5x Points		3x Points for a battle	500
